text,label,notes,llm_label,pre_labeled,llm_confidence,id,favorite_count,retweet_count
The starting 5 are showing off their skills!! @cavs have dominated the first quarter. @espn #NBAFinals,Hype & Support,,Hype & Support,True,0.9,1004535815094132736,0,0
Steph Curry in the post like... #Cavs #nba #NBAFinals,Game/Tactical Analysis,,Game/Tactical Analysis,True,0.8,1004540418711621632,0,0
What's Kevin Durant's nickname again? Soft Baby Bad-actor #NBAFinals,Criticism & Trash Talk,,Criticism & Trash Talk,True,0.95,1004542138770706434,0,0
Only reason I'm watching the #NBAFinals cause I want to see #JRSmith #dunk on someone #head,Hype & Support,,Hype & Support,True,0.85,1004539224186609664,0,0
HOW YOU JUST GON LET @KingJames OOP ON YOU LIKE THAT?!?!! GOOD GOD!!! #NBAFinals,Hype & Support,,Hype & Support,True,0.9,1004532693701398528,0,0
Isn't it amazing how much better a team can look at home compared to on the road? #NBAFinals,Game/Tactical Analysis,,Game/Tactical Analysis,True,0.85,1004532953475674112,0,0
Draymond should be thrown out with that yelling! #NBAFinals,Criticism & Trash Talk,,Criticism & Trash Talk,True,0.8,1004535197289730048,0,0
In case you're wondering what's happening on @LeBatardShow #NBAFinals,Hype & Support,,Hype & Support,True,0.6,1004536906955345920,0,0
Can I shamelessly plug by kid's book Shootin' Hoops With Dad durning the #NBAFinals? I mean Lebron James and Steph.,Hype & Support,,Hype & Support,True,0.7,1004541887297007619,0,0
@christuckerreal New scene from Last Friday movie! @icecube #NBAFinals,Hype & Support,,Hype & Support,True,0.65,1004542448385720320,0,0
That's a travel in FIBA #NBAfinals live,Officiating Complaint,,Officiating Complaint,True,0.9,1004532649321517056,0,0
Thank you @KingJames for being who you are. #NBAFinals,Hype & Support,,Hype & Support,True,0.95,1004533804567056390,0,0
What's up klay ????????? #DubNation? ? #Warriors #GSW #NBAFinals? ?,Hype & Support,,Hype & Support,True,0.98,1004536768924934145,0,0
Oh boy... this is gonna be a good game #NBAonABC #NBAFinals,Hype & Support,,Hype & Support,True,0.8,1004540339300864000,0,0
Game got tied up real quick. #NBAFinals,Hype & Support,,Hype & Support,True,0.7,1004537756616417281,0,0
The @NBA defintely doesn't want kids watching basketball. #NBAFinals,Criticism & Trash Talk,,Criticism & Trash Talk,True,0.85,1004535924586434561,0,0
Cavs 29 Warriors 28. We survived their adrenaline wave and took their best shot. Let's win this #DubNation #NBAFinals,Game/Tactical Analysis,,Game/Tactical Analysis,True,0.9,1004538617115627520,0,0
"I'm officially just rooting for Draymond to pick up two more T's in this series, get suspended and subsequently cos.",Criticism & Trash Talk,,Criticism & Trash Talk,True,0.8,1004537307024642054,0,0
No one can stop Lebron James when he is full speed heading towards the basket! #Fact #NBAFinals,Hype & Support,,Hype & Support,True,0.9,1004540290554912769,0,0
Oh My Goodness!!! How is this man 33 years old and still the most athletic guy in the league?! #NBAFinals,Hype & Support,,Hype & Support,True,0.95,1004532265655898113,0,0
Hate him or love him #WhateverItTakes,Hype & Support,,Hype & Support,True,0.8,1004533882639867905,0,0
I fucking hate ty Lue dog lmfaoo,Criticism & Trash Talk,,Criticism & Trash Talk,True,0.9,1004538815149760512,0,0
So that wasn't a moving screen but LeBron's was? #NBAFinals,Officiating Complaint,,Officiating Complaint,True,0.95,1004538532436873216,0,0
Still don't understand this correlation between home court and refereeing. #NBAFinals,Game/Tactical Analysis,,Game/Tactical Analysis,True,0.7,1004535435710754816,0,0
@JelanieDionnice fast forward to ten seconds left!,Hype & Support,,Hype & Support,True,0.6,1004540588413345792,0,0
Let me post about it before they say it if we don't win they going come with something like the nba is going to los.,Criticism & Trash Talk,,Criticism & Trash Talk,True,0.8,1004536331131916289,0,0
G A M E 3 .. GO WARRIORS !!! #nbaonabscbn #NBAONABSCBN #NBAFinals #NBAONABSCBNLIVE,Hype & Support,,Hype & Support,True,0.99,1004532496015360000,0,0
"Love how Draymond got a tech and Breen's like ""He has to be careful (because he's still screaming.)"" JVG immediatel.",Game/Tactical Analysis,,Game/Tactical Analysis,True,0.85,1004535850477244416,0,0
I love the effort of Kyle Korver. #whateverittakes #CLE #NBAFinals,Hype & Support,,Hype & Support,True,0.95,1004540731296448512,0,0
Are you kiddin' me??? #NBAFinals @KingJames,Officiating Complaint,,Officiating Complaint,True,0.9,1004533858543554562,0,0
Just like that!! The Cav's fans aren't talking about the refs lol #NBAFinals #NBAonABC,Hype & Support,,Hype & Support,True,0.8,1004536550728728577,0,0
That first quarter ended much better than it started. #DubNation #NBAFinals,Game/Tactical Analysis,,Game/Tactical Analysis,True,0.7,1004538718231973888,0,0
"To the guy that yelled ""Fuck Yeah"" at the camera, I feel you bro. #NBAFinals",Hype & Support,,Hype & Support,True,0.9,1004533351963906049,0,0
"Amazing play, you can't hate on his ability",Hype & Support,,Hype & Support,True,0.85,1004533956312739843,0,0
#LeBron what he did Just a minute ago he kidding #NBAFinals #Game3 #ClevelandCavaliers #GSWvsCLE,Criticism & Trash Talk,,Criticism & Trash Talk,True,0.6,1004533658726879233,0,0
Golden State caught up like #NBAFinals,Game/Tactical Analysis,,Game/Tactical Analysis,True,0.65,1004538862616678400,0,0
LaBron James just rolled his ankle. #NBAFinals,Game/Tactical Analysis,,Game/Tactical Analysis,True,0.95,1004542113432985600,0,0
I couldnt be the only one not impressed wit that LeBron James backboard oop #NBAFinals,Criticism & Trash Talk,,Criticism & Trash Talk,True,0.8,1004541086881271808,0,0
"Draymond Green why you so mad, man? He picks up his first personal four. More ""Draymond Sucks"" chants at the Q #NBAFinals",Criticism & Trash Talk,,Criticism & Trash Talk,True,0.9,1004535089991241728,0,0
"Ugliest MUTHAFUCKING shit EVER,F THE GAYRRIORS",Criticism & Trash Talk,,Criticism & Trash Talk,True,0.99,1004534750063857664,0,0
WHO ARE THESE GUYS?! #NBAFinals #WhateverItTakes,Hype & Support,,Hype & Support,True,0.9,1004532625594306560,0,0
This donkey can do anything and not get thrown out smh fix it #NBAFinals,Criticism & Trash Talk,,Criticism & Trash Talk,True,0.8,1004536044392534017,0,0
Might be my favorite part of the game. Honestly!,Hype & Support,,Hype & Support,True,0.7,1004532546611417088,0,0
Kevin Love Iz bullyin 2nite n I love It #NBAFinals,Hype & Support,,Hype & Support,True,0.9,1004534943362449408,0,0
Draymond need to chill... #NBAfinals,Criticism & Trash Talk,,Criticism & Trash Talk,True,0.8,1004535178314813445,0,0
I can feel the intensity of this game thru the TV!!!!!!!! #NBAFinals,Hype & Support,,Hype & Support,True,0.9,1004536295136391169,0,0
#NBAFinals #RefWatchParty When LeBron clearly goes into the defender at full speed with his shoulder &amp; shoves him o.,Officiating Complaint,,Officiating Complaint,True,0.8,1004541129050804229,0,0
The refs doing everything they can so Lebron and the Cheatland Cavaliers don't to get swept #NBAFinals,Officiating Complaint,,Officiating Complaint,True,0.9,1004535742511665152,0,0
"Lebron banking it easily off the square 35-28, CLE. #NBAFinals",Game/Tactical Analysis,,Game/Tactical Analysis,True,0.6,1004540707401543686,0,0
Cavs up 7 with 9:20 to go in the 2nd.. Lebron with 10-6-5 do far #NBAFinals #WhateverItTakes,Game/Tactical Analysis,,Game/Tactical Analysis,True,0.7,1004541077276315648,0,0
No matter what that's always ty lue face,Hype & Support,,Hype & Support,True,0.6,1004538984763142144,0,0
"Green better cool it, cus he might be hitting the showers early. So much for that max contract for the refs. #NBAFinals",Criticism & Trash Talk,,Criticism & Trash Talk,True,0.8,1004535688690364417,0,0
"Lmfaooo but after the Loss, He has no help",Criticism & Trash Talk,,Criticism & Trash Talk,True,0.7,1004539803285770241,0,0
That call on Curry just made me remember that the NBA refs are live tweeting. #NBAFinals,Officiating Complaint,,Officiating Complaint,True,0.9,1004534798692601857,0,0
Game 1 of #NBAFinals was supposed to be the #LeBron game but became the #JRSmith game. Game 2 was the #StephCurry g.,Game/Tactical Analysis,,Game/Tactical Analysis,True,0.8,1004539161271910401,0,0
@KingJames needs to flip that switch. It is go time. #bronbron #NBAFinals,Hype & Support,,Hype & Support,True,0.9,1004540900301770753,0,0
That was pure filth Lebron #NBAFinals? ? #WhateverItTakes,Hype & Support,,Hype & Support,True,0.95,1004532858613100545,0,0
A few All-Star fans supporting the #Cavs in Game #3 of #NBAFinals #RallyTogether #WhatEverItTakes,Hype & Support,,Hype & Support,True,0.85,1004541388598448128,0,0
"I want to see Kyle Korver score 20+ one of these games, he easily has the capability to. #NBAFinals",Hype & Support,,Hype & Support,True,0.8,1004537330642837504,0,0
"29-28 #AllForOne after one. Great CLE start with LeBron getting help from Smith and Love, then Durant happens (13 p.",Game/Tactical Analysis,,Game/Tactical Analysis,True,0.9,1004539480261431297,0,0
"LeBron James, everybody. #NBAFinals",Hype & Support,,Hype & Support,True,0.8,1004534293442584583,0,0
Playing human bumper carts #NBAFinals,Criticism & Trash Talk,,Criticism & Trash Talk,True,0.7,1004540525674946562,0,0
Ty Lue's face regardless of what happens in the game,Criticism & Trash Talk,,Criticism & Trash Talk,True,0.6,1004539079143276544,0,0
"Go go go CAVS ,make it 4-2 .hi sa family Encinas. #NBAFinals #NBAsaABSCBN #NBAONABSCBN live",Hype & Support,,Hype & Support,True,0.9,1004537194676039680,0,0
Get all the brooms out of the arena we using mops from now on #NBAFinals #WhateverItTakes #NBAonABC #3Cavs,Hype & Support,,Hype & Support,True,0.8,1004539519088168961,0,0
I dont like basketball at all but you see this shot dawwwwwwwwwwwwwwwwg my goodness I replayed it about 20 times,Hype & Support,,Hype & Support,True,0.7,1004541583998488576,0,0
LeBron is determined to get JR going... he forcefully pursued an assist to Smith for the elbow 3 #NBAFinals,Game/Tactical Analysis,,Game/Tactical Analysis,True,0.9,1004542444300656641,0,0
All Cavs starters have scored. #NBAFinals,Game/Tactical Analysis,,Game/Tactical Analysis,True,0.8,1004535563595247623,0,0
Someone needs to beat GS's ass.. I mean punch Draymond.. Whatever. Same thing. #NBAFinals,Criticism & Trash Talk,,Criticism & Trash Talk,True,0.9,1004541989667442688,0,0
The latest The All Rise Daily! #nbafinals #metoo,Hype & Support,,Hype & Support,True,0.4,1004541488834011136,0,0
LeBron isn't messing around. #NBAFinals,Hype & Support,,Hype & Support,True,0.8,1004533203070316545,0,0
I feel@bad for people who don't realize the #nba is rigged. It may as as well be called WWE #NBAFinals,Officiating Complaint,,Officiating Complaint,True,0.9,1004541607121686528,0,0
Lebron with the Dominique! #NBAFinals,Hype & Support,,Hype & Support,True,0.9,1004532290846781440,0,0
Oh shit LeBron is injured again.. Annnnd he's fine #NBAFinals,Hype & Support,,Hype & Support,True,0.7,1004542710441762817,0,0
Off Curry's head. Cavs ball. Love it. #NBAFinals,Hype & Support,,Hype & Support,True,0.8,1004533309475622912,0,0
Let's go Warriors! #StrengthInNumbers #NBAFinals #DubNation,Hype & Support,,Hype & Support,True,0.9,1004531997908205569,0,0
LeBron James like I don't trust you guys to do anything #NBAFinals,Criticism & Trash Talk,,Criticism & Trash Talk,True,0.8,1004532660679557120,0,0
I love retweeting myself. Game playing out as expected ??,Game/Tactical Analysis,,Game/Tactical Analysis,True,0.6,1004538439381815299,0,0
"To quote @Money23Green ""That's fucking bullshit."" #NBAFinals",Criticism & Trash Talk,,Criticism & Trash Talk,True,0.8,1004535202318770176,0,0
I was never a fan of that type of shooting foul when an offensive player can lean into a defender while in the air. #NBAFinals,Game/Tactical Analysis,,Game/Tactical Analysis,True,0.8,1004538850461536257,0,0
I'll never get tired of self alley-oop LeBron James. #NBAFinals,Hype & Support,,Hype & Support,True,0.9,1004532180188614657,0,0
This is #Lebron any time he gets a little help from the other #Cavs. #NBAFinals,Hype & Support,,Hype & Support,True,0.8,1004537622541238272,0,0
Where the hell did Uzi Vert come from? How'd he get so big? #NBAFinals,Hype & Support,,Hype & Support,True,0.4,1004539623954141184,0,0
KD out here tryna be the designated road assassin!! #NBAFinals,Hype & Support,,Hype & Support,True,0.8,1004538529404182528,0,0
J.R. SMITH! He now has 10 PTS. #WhateverItTakes #NBAFinals,Hype & Support,,Hype & Support,True,0.9,1004542523057016833,0,0
Once again Draymond throws a temper tantrum that no other player could get away with #NBAFinals,Criticism & Trash Talk,,Criticism & Trash Talk,True,0.8,1004535416735911937,0,0
"I KNOW Steph Curry is relieved to have Durant on the team. He can literally come out the game, chill on the bench,.",Game/Tactical Analysis,,Game/Tactical Analysis,True,0.7,1004538961455468546,0,0
Never leave me LeBron #NBAFinals,Hype & Support,,Hype & Support,True,0.9,1004532745341685760,0,0
Does Livingston ever miss from mid range? #NBAFinals,Game/Tactical Analysis,,Game/Tactical Analysis,True,0.6,1004537810240536576,0,0
Wow he just did that #NBAFinals,Hype & Support,,Hype & Support,True,0.8,1004532173507055616,0,0
I haven't had this much fun watching the Cavs since game 6 2016 finals.,Hype & Support,,Hype & Support,True,0.8,1004534578227437568,0,0
...I can't believe that hotel doesn't have a microwave or refrigerator! Most have at least a small one!.,Officiating Complaint,,Officiating Complaint,True,0.2,1004540098824822785,0,0
How long until Draymond Green gets tossed? #NBAFinals,Criticism & Trash Talk,,Criticism & Trash Talk,True,0.7,1004535796408307715,0,0
"Aggressive, 30 point, 20 rebound Kevin Love came to play tonight, I see. #NBAFinals",Hype & Support,,Hype & Support,True,0.9,1004532873964253184,0,0
Man. Double technicals. Tristan focus. #WhateverItTakes #NBAFinals,Hype & Support,,Hype & Support,True,0.6,1004534951151357959,0,0
LEBROOOOOON!!!! THAT'S PURE CLASS #NBAFinals,Hype & Support,,Hype & Support,True,0.95,1004532431389642753,0,0
The game is to be sold not to be told #NBAFinals yea they'll let @ #Lebron one man team win tonight,Criticism & Trash Talk,,Criticism & Trash Talk,True,0.8,1004533551960875009,0,0
Feels like Cavs should be up big and it's a 1 point game #NBAFinals,Game/Tactical Analysis,,Game/Tactical Analysis,True,0.85,1004539115952410624,0,0
WIN OR LOSE team CAVS padin ako GO CAVS DEFEND THE LAND ! HELLO MAHAL EARNEST FRENGIE PORLAS at kay papa OSCAR LE.,Hype & Support,,Hype & Support,True,0.9,1004532431477604352,0,0
Warriors withstood initial punch but LeBron was fairly calm in that 1st Q (other than the dunk). Wide open game. Love it. #NBAFinals,Game/Tactical Analysis,,Game/Tactical Analysis,True,0.9,1004538983383257088,0,0
Who else is putting their up while watching #NBAFinals Game 3 tonight?,Hype & Support,,Hype & Support,True,0.8,1004533653668618241,0,0
Game tied!! By kevin durant!! #DUBNATION #NBAFinals,Hype & Support,,Hype & Support,True,0.9,1004537717412147200,0,0
Could be the best I've seen Love play since he became a Cav. Looking Minnesota. #NBAFinals #NBAonABC,Hype & Support,,Hype & Support,True,0.7,1004535510826508289,0,0
Warriors vs. LeBron. #NBAFinals,Hype & Support,,Hype & Support,True,0.6,1004534762919243776,0,0
My homie keep calling Javale Mcgee.... J Cole Lol #NBAFinals,Hype & Support,,Hype & Support,True,0.8,1004538788536872960,0,0
Good god what a move to beat the shot clock by Lebron. Oop to himself.,Hype & Support,,Hype & Support,True,0.9,1004532922471321601,0,0
LeBron just did that #NBAFinals Game 3,Hype & Support,,Hype & Support,True,0.9,1004532361306857474,0,0
This game is phys-i-cal! I'm predicting a fight before the end! #NbaFinals #GSWvsCLE - watching NBA Finals,Game/Tactical Analysis,,Game/Tactical Analysis,True,0.7,1004542708692774914,0,0
That's some serious bs calling #NBAFinals,Officiating Complaint,,Officiating Complaint,True,0.9,1004534300379885568,0,0
@barstoolhrtland @barstoolsports @stoolpresidente I spend four minutes basically talking about nothing. #JRSmith.,UNSURE,,UNSURE,True,,1004537052933734400,0,0
#NBAFinals Draymond green is just ridiculous. He clearly fouls and acts like he didn't even touch the guy. He needs.,Criticism & Trash Talk,,Criticism & Trash Talk,True,0.9,1004535993796526081,0,0
The Cavs playing like they all had 2 Red Bulls right before the game!!! #NBAFinals,Hype & Support,,Hype & Support,True,0.8,1004536172453007360,0,0
Cavs starting out hot! lets see if they can keep it up #nbafinals #nba #Warriors #Cavs,Hype & Support,,Hype & Support,True,0.85,1004534156662059009,0,0
BleacherReport: Shook. #NBAFinals ??,Hype & Support,,Hype & Support,True,0.7,1004539974371295234,0,0
warriors! warriors! warriors! #NBAFinals,Hype & Support,,Hype & Support,True,0.95,1004540704163590145,0,0
@abscbnsports Thanks sa live coverage NBA Final Game3 Manalo matalo CAVS parin Watching from Alangila Bacolod Cit.,Hype & Support,,Hype & Support,True,0.8,1004539580542959616,0,0
@TheRealJRSmith is on #nbafinals,Hype & Support,,Hype & Support,True,0.6,1004542158332973061,0,0
That is probably the coolest slickest Lebron has ever done. Wow. #NBAFinals,Hype & Support,,Hype & Support,True,0.9,1004532565846511616,0,0
"I was a collegiate sports information director. LeBron's highlight reel play should be scored D (dunk), 23( LeBron).",Game/Tactical Analysis,,Game/Tactical Analysis,True,0.8,1004538118823923718,0,0
"LeBron, hold on now. #WhateverItTakes #NBAFinals",Hype & Support,,Hype & Support,True,0.7,1004532278016475137,0,0
I'm a bandwagonist tonight so whoever wins is my team but... #LeBron looking nice in that uniform #NBAFinals,Hype & Support,,Hype & Support,True,0.8,1004537495667855362,0,0
"Eventually, Draymond Green has to learn Tristan Kardashian is trying to get him to 7 techs &amp; a suspension..",Game/Tactical Analysis,,Game/Tactical Analysis,True,0.9,1004538774951374848,0,0
Lebron has discovered that the backboard can provide better dimes than his teammates. #NBAFinals,Criticism & Trash Talk,,Criticism & Trash Talk,True,0.7,1004532667977613312,0,0
I love Draymond's character man. Good for the game. #NBAFinals,Hype & Support,,Hype & Support,True,0.9,1004536761001893895,0,0
Oh damn they got Bron out here throwin it off the backboard for dunks oh lord GSW might be in trouble tonight cuz B.,Hype & Support,,Hype & Support,True,0.8,1004533319675990016,0,0
Lebrons eye looks like he spent a lot of time playing #Fortnite last night. #NBAFinals (Disclaimer: I know someon.,Criticism & Trash Talk,,Criticism & Trash Talk,True,0.6,1004538755150172160,0,0
Love the energy from the cavs. Let's keep this up #whateveritakes #NBAFinals,Hype & Support,,Hype & Support,True,0.9,1004536196435857408,0,0
"Draymond Green is kind of like Trump, he can murder someone in the middle of the court and get away with it..",Criticism & Trash Talk,,Criticism & Trash Talk,True,0.8,1004539159086862336,0,0
@warriors @cavs @mbsportsonline #NBAFinals: Love powers his way on Durant. 18-8 @cavs | via @mbsportsonline,Game/Tactical Analysis,,Game/Tactical Analysis,True,0.7,1004534848407552001,0,0
See what happens when the refs call it equally? #DubNation #NBAFinals,Officiating Complaint,,Officiating Complaint,True,0.6,1004537869040578560,0,0
Wow! I don't agree with that #NBAFinals,Officiating Complaint,,Officiating Complaint,True,0.8,1004540915514511360,0,0
@KingJames is out there alone for the @cavs No one is cutting to the basket or doing anything. #NBAFinals,Game/Tactical Analysis,,Game/Tactical Analysis,True,0.9,1004542118633922560,0,0
@DIRECTVNowHelp A bit unacceptable when your service goes down during a pivotal game and blames my internet connection. #NBAFinals,Criticism & Trash Talk,,Criticism & Trash Talk,True,0.7,1004533850385481728,0,0
"A KD 3-pointer and a jumper help tie the game at 26-all (32.6 seconds, Q1). #NBAFinals LIVE BLOG:",Hype & Support,,Hype & Support,True,0.6,1004537994005450753,0,0
Draymond needs to chill out. #NBAFinals,Criticism & Trash Talk,,Criticism & Trash Talk,True,0.8,1004536581980499973,0,0
Watching the NBA finals #NBAFinals #GSW,Hype & Support,,Hype & Support,True,0.9,1004533958615420929,0,0
The greatness of this man is so fun to watch. Anyone who doesn't think so is a complete fucking moron. #NBAFinals #CavsWarriors,Hype & Support,,Hype & Support,True,0.7,1004542769749098496,0,0
The warriors are going to be leading after this first quarter. #NBAFinals,Game/Tactical Analysis,,Game/Tactical Analysis,True,0.8,1004537516005847041,0,0
Lebrons shoes are dope as hell #NBAFinals,Hype & Support,,Hype & Support,True,0.9,1004541192607096832,0,0
Rodney Hood literally looks like an African Sculpture. Blackness is so dope ??? #CavsVsWarriors #NBAFinals,Hype & Support,,Hype & Support,True,0.8,1004537034369880064,0,0
"Yes please, @ABCNetwork , show me 5 more different angles of Bron rolling his ankle. #NBAFinals #weakankles #onereplayisenough",Criticism & Trash Talk,,Criticism & Trash Talk,True,0.8,1004542541239332864,0,0
GO WARRIORS!! #StrengthInNumbers #NBAFinals,Hype & Support,,Hype & Support,True,1.0,1004532293787160577,0,0
Good Morning! #NBAFinals #NBAonABSCBN. Thanks for the live coverage. #Dubnation,Hype & Support,,Hype & Support,True,0.9,1004542246123814912,0,0
CLE making basketball fun again #NBAFinals,Hype & Support,,Hype & Support,True,0.9,1004533142437314560,0,0
Watching the #NBAFinals ! So much fun and stress free when you don't have a horse in the race,Hype & Support,,Hype & Support,True,0.7,1004535527138209792,0,0
To be fair ty lue always looks like that,Criticism & Trash Talk,,Criticism & Trash Talk,True,0.6,1004540483878772736,0,0
Green pussy for that #GetTheStrap #NBAFinals #CavsGSW,Criticism & Trash Talk,,Criticism & Trash Talk,True,0.9,1004538194585669632,0,0
"Cavs trapping Curry early, sparking some of the strategy that worked in the 2015 Finals. Also helping that Cavs are.",Game/Tactical Analysis,,Game/Tactical Analysis,True,0.95,1004535738929680384,0,0
The @OfficialNBARefs better not fuck up my free taco @tacobell #NBAFinals,Officiating Complaint,,Officiating Complaint,True,0.8,1004536613660028928,0,0
"#Cavs with 12 FGAs in 4 min, #Warriors have 4. #NBAFinals",Game/Tactical Analysis,,Game/Tactical Analysis,True,0.9,1004533023323369472,0,0
Draymond Green about to get ejected man #NBAFinals,Criticism & Trash Talk,,Criticism & Trash Talk,True,0.8,1004536399243210752,0,0
Relax its jus 1st quarter lol #NBAFinals #DubNation,Hype & Support,,Hype & Support,True,0.9,1004533282325790722,0,0
Please don't blow this lead @cavs #NBAFinals,Criticism & Trash Talk,,Criticism & Trash Talk,True,0.7,1004533585213153280,0,0
Don't mind if I do... DAYUMMM. #kingjames #alleyoop #thereisonlyone #NBAFinals,Hype & Support,,Hype & Support,True,0.95,1004533554733125634,0,0
"1,718 rebounds is just a ridiculous number.",Hype & Support,,Hype & Support,True,0.6,1004539267937382401,0,0
2nite would've been GM 3 in #Boston #NBAFinals #Celtics #Cusrise,Hype & Support,,Hype & Support,True,0.8,1004532340599787520,0,0
When Curry misses his dumb shot selection shows #NBAFinals,Criticism & Trash Talk,,Criticism & Trash Talk,True,0.9,1004540338227351552,0,0
Lol Love looked like he didn't want to pass it to JR #NBAFinals,Criticism & Trash Talk,,Criticism & Trash Talk,True,0.85,1004532592027340800,0,0
End of 1 Quarter Warriors 28 Cavaliers 29 #NBAFinals,Game/Tactical Analysis,,Game/Tactical Analysis,True,0.4,1004538496948887553,0,0
.@nba refs still live tweeting? How did Draymond not get a 2nd tech? #NBAFinals #WhaterverItTakes,Officiating Complaint,,Officiating Complaint,True,0.95,1004537297524674560,0,0
Off the backboard dunk ??? #NBAFinals,Hype & Support,,Hype & Support,True,0.9,1004532199612395522,0,0
"Everyone's been crying about the Warriors getting all these calls, LOOK AT CLEVELAND PLAYING RUGBY OUT HERE. #NBAFinals",Criticism & Trash Talk,,Criticism & Trash Talk,True,0.8,1004534750122598400,0,0
"Interesting, lots of ""sorry, we were a shitty company"" commercials tonight during #NBAFinals",Hype & Support,,Hype & Support,True,0.4,1004540833863958528,0,0
Curry just isn't in the same league as LeBron. It's like a grown man picking on a kid. #NBAFinals,Criticism & Trash Talk,,Criticism & Trash Talk,True,0.9,1004540222153977857,0,0
"McGee is so much better than Zaza at both ends, it's ridiculous. #DubNation #NBAFinals",Game/Tactical Analysis,,Game/Tactical Analysis,True,0.7,1004534306868514817,0,0
"Holy balls, Lebron just dunked on a self-pass off the backboard with one good eye. Government supersoldier conspiracy confirmed. #NBAFinals",Hype & Support,,Hype & Support,True,0.95,1004532533843939328,0,0
ICONIC ? #WhateverItTakes #NBAFinals,Hype & Support,,Hype & Support,True,0.99,1004533562387791873,0,0
That was a pretty solid play by @KingJames just now... #NBAFinals,Game/Tactical Analysis,,Game/Tactical Analysis,True,0.6,1004532435730817024,0,0
Yeah amazing shot #NBAFinals #WarriorsvsCavs,Hype & Support,,Hype & Support,True,0.85,1004535680368828416,0,0
@warriors @cavs @mbsportsonline #NBAFinals: James drives and scores. 35-28 @cavs | via @mbsportsonline,Hype & Support,,Hype & Support,True,0.5,1004542211273322497,0,0
god draymond better be careful. #gswvscle #nba #nbafinals,Criticism & Trash Talk,,Criticism & Trash Talk,True,0.7,1004535148526776320,0,0
LBJ needs to score. #NBAFinals,Game/Tactical Analysis,,Game/Tactical Analysis,True,0.8,1004537419776094208,0,0
"The refs completely stole a game from the Cavs, ask give if I give 1 fuck if they make a bad call against the Warriors #NBAFinals",Officiating Complaint,,Officiating Complaint,True,0.9,1004534597709950978,0,0
The passing tonite so far LIT!!!!! #NBAFinals #LIT,Hype & Support,,Hype & Support,True,0.9,1004538293495713792,0,0
I was thinking the same thing #NBAFinals,Hype & Support,,Hype & Support,True,0.6,1004533339510984704,0,0
Great play 28 - 35 #DefendTheLand #NBAFinals,Hype & Support,,Hype & Support,True,0.8,1004540327242366987,0,0
#Warriors are 2-8 from 3....and are only down 1. (Gulp) #NBAFinals,Game/Tactical Analysis,,Game/Tactical Analysis,True,0.9,1004538803326013441,0,0
Caves Fans Gotta Love That !! #NBAFinals #KevinLove,Hype & Support,,Hype & Support,True,0.8,1004532923213668353,0,0
Just got home from umping. Going to attempt to watch the @NBA well see how long this lasts #NBAFinals,Hype & Support,,Hype & Support,True,0.4,1004541349859819525,0,0
The refs calls against the warriors #CavsWarriors #NBAFinals #NBAFinals Game 3,Officiating Complaint,,Officiating Complaint,True,0.8,1004536867939868675,0,0
"Is that you Kevin Love? About damn TIME. Game 3, let's go!!! #NBAFinals",Hype & Support,,Hype & Support,True,0.9,1004533612241354752,0,0
"Lol remember when Paul George drew that exact foul that EVERYONE gets but the NBA was like ""fuck you Paul George"" a.",Criticism & Trash Talk,,Criticism & Trash Talk,True,0.8,1004538762569760769,0,0
The @OfficialNBARefs are letting a lot of contact go so far in Game 3 of the #NBAFinals #LeBron needs to just barr.,Officiating Complaint,,Officiating Complaint,True,0.7,1004540286582870017,0,0
"This was expected Cavs needed this, of the warriors are within single digits at halftime Cav fans should be worried #nbafinals",Game/Tactical Analysis,,Game/Tactical Analysis,True,0.85,1004533033385381888,0,0
Game 3 is already set warriors vs cavaliers IV in game 1 &amp; 2 warriors wins &amp; they take 2-0 lead &amp; now can warriors.,Game/Tactical Analysis,,Game/Tactical Analysis,True,0.6,1004533112246714368,0,0
"NBA Commish to Tonight's Refs: "" You know what to do...."" #NBAFinals",Officiating Complaint,,Officiating Complaint,True,0.95,1004535236489809922,0,0
There is no better sight in sports than Lebron rampaging towards the basket at full speed #NBAFinals,Hype & Support,,Hype & Support,True,0.92,1004540249207386113,0,0
"Cavs 16 Warriors 8, 8 point lead #NBAFinals #WarriorvsCavs",Hype & Support,,Hype & Support,True,0.4,1004534550641422337,0,0
King James. Different gravy. #NBAFinals,Hype & Support,,Hype & Support,True,0.96,1004532386095251456,0,0
Dreymond Green is not worthy to wear #23. #NBAFinals,Criticism & Trash Talk,,Criticism & Trash Talk,True,0.9,1004539584489885697,0,0
Draymond Green is the dick at the YMCA who won't shut the F up during pickup basketball. You can take the A-HOLE.,Criticism & Trash Talk,,Criticism & Trash Talk,True,0.9,1004535547283542016,0,0
You just have to love the King's heads up pjay. @KingJames and the @cavs getting it done on game 3 of #NBAFinals.,Hype & Support,,Hype & Support,True,0.8,1004540850305724422,0,0
Roots pizza and watching the #NBAFinals with my guy @sportsrapport. Let's go LeBron!,Hype & Support,,Hype & Support,True,0.85,1004532711023960069,0,0
JR Smith did something right twice I repeat JR Smith did something right twice #NBAFinals #nba #GoCavs #WhateverItTakes,Hype & Support,,Hype & Support,True,0.7,1004533541651312640,0,0
Watching my boo get turnt over this game has me pumped up too #NBAFinals #CavsVsWarriors,Hype & Support,,Hype & Support,True,0.8,1004536102433288193,0,0
KEVIN'D FUCKING LOVE!!! #YesIAddedADToHisName #NBAonABC #NBAFinals,Hype & Support,,Hype & Support,True,0.9,1004533057666371585,0,0
The worst thing these officials could do is try to make up for the poor officiating in games 1 and 2. Just call a good game. #NBAFinals,Officiating Complaint,,Officiating Complaint,True,0.95,1004536091200970753,0,0
Kevin Durant starts fast with 13 1st quarter points! #DubNation #NBAFinals,Hype & Support,,Hype & Support,True,0.8,1004539621269786624,0,0
when did larry nance jr. become spiderman #nbafinals,Hype & Support,,Hype & Support,True,0.7,1004537345536692225,0,0
mama's watching game 3 #nbafinals #NBAONABSCBN gogogo . cavs .,Hype & Support,,Hype & Support,True,0.75,1004541784184127488,0,0
Remember when Steph Curry couldn't grow a beard?!? He's come a long way... lmaoooo!! Cavs in 6! #NbaFinals #CavsVsWarriors,Hype & Support,,Hype & Support,True,0.8,1004535030239121408,0,0
"When LeBron pushes off it's an offensive foul. When Jordan does it, it's the greatest shot of all time. #NBAFinals #LeBron",Officiating Complaint,,Officiating Complaint,True,0.9,1004541683537596417,0,0
Klay rushed those last 2 shots a bit. 2nd one was really off balance. #NBAFinals,Game/Tactical Analysis,,Game/Tactical Analysis,True,0.95,1004534360631119872,0,0
Draymond with a nice basket on the breakaway #NBAFinals,Hype & Support,,Hype & Support,True,0.85,1004534193743892480,0,0
they finally called carry in the NBA #NBAFinals,Officiating Complaint,,Officiating Complaint,True,0.7,1004532868612321280,0,0
Look at steve scream without getting a T ?? #NBAFinals,Officiating Complaint,,Officiating Complaint,True,0.8,1004534462552723456,0,0
Being LeBron must be like being the guy with a 200 IQ in a room full of mere 160 IQ geniuses. #NBAFinals,Hype & Support,,Hype & Support,True,0.9,1004532651456434177,0,0
And just like that...warriors are back in it #NBAFinals,Hype & Support,,Hype & Support,True,0.8,1004538734656835584,0,0
"Kevin Durant saying ""Don't fucking foul nobody"" #NBAFinals #DubNation #Game3",Hype & Support,,Hype & Support,True,0.7,1004538895843889152,0,0
Two fouls on Curry. This is good for the Cavs. #NBAFinals #WhateverItTakes,Game/Tactical Analysis,,Game/Tactical Analysis,True,0.85,1004534352510738432,0,0
"Great first quarter, was a tad worried about my warriors but they reeled it back in real quick 1pt difference, let.",Hype & Support,,Hype & Support,True,0.8,1004538880165666816,0,0
@KingJames WITH THE SELF PASS ALLY OOP!!!! GET OUT THE WAY !!!! @cavs #nbafinals,Hype & Support,,Hype & Support,True,0.9,1004532644439347200,0,0
"Same call KD just got.. they refused to give Harden several times, and LeBron. Why only GS get that call? #NBAFINALS",Officiating Complaint,,Officiating Complaint,True,0.85,1004538260146749440,0,0
David west has seen that jeff green flop before just by someone else #NBAFinals,Criticism & Trash Talk,,Criticism & Trash Talk,True,0.7,1004538797265117184,0,0
Looks like the refs are trying to level this one out. #NBAFinals #DubNation,Officiating Complaint,,Officiating Complaint,True,0.8,1004535193649238020,0,0
I don't understand why they guard draymond so far out. The dude is only somewhat reliable and the dude isn't even l.,Game/Tactical Analysis,,Game/Tactical Analysis,True,0.9,1004542503482208257,0,0
This was basically how I watched the Pistons in the NBA playoffs in 2005. It's also why I don't drink anymore.,Hype & Support,,Hype & Support,True,0.6,1004532073217085440,0,0
I love the Finals? #NBAFinals #NBAonABC #Warriors #GoldenStateWarriors,Hype & Support,,Hype & Support,True,0.95,1004535663310655488,0,0
Someone please GIF that ASAP! #NBAFinals,Hype & Support,,Hype & Support,True,0.8,1004532298786754560,0,0
"#NBA?? UFFF LEBRON JAMES, THE KING. #NBAFinals?? #WhateverItTakes?",Hype & Support,,Hype & Support,True,0.9,1004534800378720256,0,0
First quarter comes to An end #NBAFinals,Hype & Support,,Hype & Support,True,0.6,1004538467131580417,0,0
Durant is having a monster game. #NBAFinals,Hype & Support,,Hype & Support,True,0.8,1004537708847517696,0,0
1st Quarter comes to an end wat a comeback by the Warriors to close the 8 point gap. Warriors 28 Cavs 29 #NBAFinals #WarriorsvsCavs,Hype & Support,,Hype & Support,True,0.9,1004538773127008256,0,0
FUCKK GS needs to up their game quick! #DubNation #NBAFinals,Criticism & Trash Talk,,Criticism & Trash Talk,True,0.8,1004538065610653696,0,0
FINALLY we get a call!@ #NBAFinals #Warriors,Officiating Complaint,,Officiating Complaint,True,0.7,1004541334663909376,0,0
"Durant with an excellent start, this is his best work thus far in these finals #NBAFinals #NBATwitter",Hype & Support,,Hype & Support,True,0.9,1004538388706312193,0,0
Jeff Green the flopper. #NBAFinals #nbaonabc #DubNation #Warriors,Criticism & Trash Talk,,Criticism & Trash Talk,True,0.8,1004538295987023872,0,0
EVERY SINGLE YEAR of the #NBAFinals the Warriors always do so terrible in Game 3 in Cleveland. Last year is the onl.,Game/Tactical Analysis,,Game/Tactical Analysis,True,0.7,1004542623141556225,0,0
LeBron passes to the only person he can trust. @KingJames @NBA #NBAFinals,Hype & Support,,Hype & Support,True,0.6,1004542974531796992,0,0
"Ohhh myyy, that self alley-pop from LeBron #Cavs #NBAFinals",Hype & Support,,Hype & Support,True,0.9,1004532427275063297,0,0
Why Javale McGee looking like a giraffe galloping up and down the court clumsy ass #NBAFINALS,Criticism & Trash Talk,,Criticism & Trash Talk,True,0.9,1004534469087367168,0,0
@warriors @Money23Green my Brother you need to relax the #NBARefs are wack we all know that but your Team is going.,Officiating Complaint,,Officiating Complaint,True,0.8,1004537916989820928,0,0
"Serious question: Should Lebron get a rebound, assist and the points on the play? #NBAFinals",Game/Tactical Analysis,,Game/Tactical Analysis,True,0.7,1004533228563288067,0,0
Something happened and people are yelling. I think it's a foul 8 think it's because his edges aren't lined correctl.,Officiating Complaint,,Officiating Complaint,True,0.6,1004534439202959362,0,0
That off the backboard dunk is basically a put back slam. It counts as a rebound not an assist. Cmon guys #NBAFinals,Game/Tactical Analysis,,Game/Tactical Analysis,True,0.9,1004533348218429445,0,0
"That's the problem with the Warriors, Klay is cold, Draymond and Steph are in foul trouble and they still have a 7.",Game/Tactical Analysis,,Game/Tactical Analysis,True,0.8,1004540417327558656,0,0
"Lebron essentially gets his eye poked out in game 1 (its still completely red a week later), rolls ankle in game 3,.",Criticism & Trash Talk,,Criticism & Trash Talk,True,0.7,1004542667349528581,0,0
"KD, let's go! #NBAFinals #StrengthInNumbers",Hype & Support,,Hype & Support,True,0.9,1004537668577841152,0,0
Day day is losing it...#nbafinals,Criticism & Trash Talk,,Criticism & Trash Talk,True,0.8,1004535208463478784,0,0
AYYYYE CLEVELAND!!! TURN UP!!! #Cavs #WhateverItTakes #NBAFinals,Hype & Support,,Hype & Support,True,0.95,1004532998711148544,0,0
I think JR smith actually took those MVP chants in Oakland way too seriously #NBAFinals,Criticism & Trash Talk,,Criticism & Trash Talk,True,0.8,1004542774748897280,0,0
Still don't make up for that fuck up bruh. #NBAFinals,Criticism & Trash Talk,,Criticism & Trash Talk,True,0.9,1004542769770065920,0,0
This was like 2 different completely games in the first quarter. 1st half of the quarter Cavs were fully in control.,Game/Tactical Analysis,,Game/Tactical Analysis,True,0.7,1004538008572440583,0,0
What a start from the cavs!!! #NBAFinals,Hype & Support,,Hype & Support,True,0.95,1004533019418529797,0,0
Imagine if tjat was Demarcus cousins screaming after that foul lmfao. #NBAFinals,Criticism & Trash Talk,,Criticism & Trash Talk,True,0.85,1004535261093552129,0,0
How many other players have done this?? Does everyone have to bust a nut everytime LBJ does something that isn't ne.,Criticism & Trash Talk,,Criticism & Trash Talk,True,0.9,1004534070489989122,0,0
LeBron James coming through. #Cavs #NBAFinals,Hype & Support,,Hype & Support,True,0.95,1004540043367550977,0,0
Cleveland Just Magically Plays Better At Home &amp; Golden St. Doesnt Play Too Well On The Road... #NBAFinals,Game/Tactical Analysis,,Game/Tactical Analysis,True,0.8,1004532273524367360,0,0
"Awww dang even just under the hoop, Korver can't get a shot to go in #NBAFinals",Criticism & Trash Talk,,Criticism & Trash Talk,True,0.7,1004540464387665920,0,0
Haha LeBron just did THAT in the NBA finals. #NBAFinals #CLEvsGSW,Hype & Support,,Hype & Support,True,0.9,1004532439971127296,0,0
King is now 5th on NBA FINALS REBOUNDS LIST #NBAFinals #WhateverItTakes #LeBron #LebronJames,Hype & Support,,Hype & Support,True,0.9,1004539392235622400,0,0
@warriors @cavs @mbsportsonline #NBAFinals: Durant draws a foul on Green with 1.0 second left in the 1st. | via @mbsportsonline,Game/Tactical Analysis,,Game/Tactical Analysis,True,0.8,1004538353230872577,0,0
JR Smith THREE! #StrengthInNumbers 34 #WhateverItTakes 42 6:39 2Q #NBAFinals,Hype & Support,,Hype & Support,True,0.95,1004542308270759936,0,0
@DevInTheLab Games 1 and 2 #NBAFinals JR Smith 5-for-19 Kyke Korver 1-for-6 Maybe Rodney Hood should play more?.,Game/Tactical Analysis,,Game/Tactical Analysis,True,0.85,1004541207895105541,0,0
T HIM UP AGAIN AFTER THAT SHIT! DOUBLE BLOODY STANDARD! #nbafinals,Officiating Complaint,,Officiating Complaint,True,0.9,1004535589176213504,0,0
"GET UP, YOU BIG BABY. DAVID WEST ISNT THAT BIG, AND HE BARELY TOUCHED YOU. DEAR GOD. #NBAFinals",Criticism & Trash Talk,,Criticism & Trash Talk,True,0.8,1004538408201486337,0,0
"Nice try Tony Brothers, we know this is you",Officiating Complaint,,Officiating Complaint,True,0.85,1004542986582097920,0,0
C'monnnnnnn Cavs I need this type of vim for the whole game pls #NBAFinals,Hype & Support,,Hype & Support,True,0.9,1004533139325276163,0,0
[#NBAFinals] The @warriors Will Never Learn,Criticism & Trash Talk,,Criticism & Trash Talk,True,0.8,1004541297422684161,0,0
"To be fair, this is Ty Lue 99.9% of the time anyway",Game/Tactical Analysis,,Game/Tactical Analysis,True,0.7,1004541456118190080,0,0
Shhhheeeeeesh Bron Bron! Throw it up to yourself?! #NBAFinals,Hype & Support,,Hype & Support,True,0.9,1004532543650070528,0,0
James read the play of the Warriors and scores at the other end. 31-28 CLE. #NBAonBTV #ThisIsWhyWePlay #PlayByPlayEveryDay #NBAFinals,Game/Tactical Analysis,,Game/Tactical Analysis,True,0.95,1004539719781269504,0,0
JR Smith may be the most streaky player of all time... but he's been consistently streaky since he entered the NBA..,Game/Tactical Analysis,,Game/Tactical Analysis,True,0.8,1004542691865255938,0,0
Ty Lou always got that face Lmfaoooo,Hype & Support,,Hype & Support,True,0.7,1004537261252173825,0,0
@JeanieBuss ma'am can un please take @Giannis_An34 and @KingJames to @Lakers we gotta win now. I miss a Super Laker.,Hype & Support,,Hype & Support,True,0.6,1004535577142628352,0,0
I like how tristen still running his mouth i would shut up if i was him last time they was roasting the hell.,Criticism & Trash Talk,,Criticism & Trash Talk,True,0.85,1004537111700230144,0,0
LeBron Russ Giannis Porzingis Harden Shaq KD Draymond Green Kevin Love #Oceans8 #NBAFinals,Hype & Support,,Hype & Support,True,0.5,1004538817343258632,0,0
#WhateverItTakes if we can keep @KlayThompson on ice and hold @StephenCurry30 n @KDTrey5 under 40 combined we gotta.,Game/Tactical Analysis,,Game/Tactical Analysis,True,0.9,1004542111675543552,0,0
Draymond Green sounds like Dramamine lol. I need to coin that. And this is what I think about when I'm forced to watch #NBAFinals,Criticism & Trash Talk,,Criticism & Trash Talk,True,0.8,1004537680556945409,0,0
Did #LebronJames just pull the TMac in the #NBAFinals #Game3 #cavs,Game/Tactical Analysis,,Game/Tactical Analysis,True,0.7,1004533590791806976,0,0
"Taking ""doing it on his own"" to new levels",Criticism & Trash Talk,,Criticism & Trash Talk,True,0.8,1004536341244325888,0,0
Mouth pieces work best when being chewed on the side of your mouth. #NBAFinals,Criticism & Trash Talk,,Criticism & Trash Talk,True,0.7,1004541152530452480,0,0
What Lebron sees on a fast break whenever Shaun Livingston is in front of him. #NBAFinals,Criticism & Trash Talk,,Criticism & Trash Talk,True,0.9,1004541888769265670,0,0
Keep it up @Money23Green.. can't wait until you're watching from the locker room. #NBAFinals,Criticism & Trash Talk,,Criticism & Trash Talk,True,0.95,1004535230315651072,0,0
Lebron is ridiculous! That off the backboard pass to himself for a dunk!!? Get em Cavs!!!! #NBAFinals,Hype & Support,,Hype & Support,True,0.99,1004532409046577152,0,0
"Warriors getting beat on the glass by the Cavs in the 1st qtr. Btw, Kevin Durant has all of their 7 rebounds #NBAFinals",Game/Tactical Analysis,,Game/Tactical Analysis,True,0.85,1004538539005145088,0,0
I damn near lost my mind! #NBAFinals,Hype & Support,,Hype & Support,True,0.9,1004542133494210561,0,0
"Sooo I walk back in to watch Gane 3, and my friend says ""He (referring to LeBron) is blind."" He goes on to say that.",Criticism & Trash Talk,,Criticism & Trash Talk,True,0.6,1004539524393979904,0,0
cavs for game 3 #WhateverItTakes,Hype & Support,,Hype & Support,True,0.95,1004532224912326656,0,0
Rodney Hood is not the answer only Love can conquer hate (Curry) #nbafinals,Game/Tactical Analysis,,Game/Tactical Analysis,True,0.8,1004537068192784391,0,0
#NBAFinals #GSvsCAV #Game3 #DubNation THE STORY OF THE FIRST QUARTER was @Money23Green picking up a tech. which put.,Game/Tactical Analysis,,Game/Tactical Analysis,True,0.8,1004538386106015744,0,0
"Draymond, once again that is not your shot... #NBAFinals",Criticism & Trash Talk,,Criticism & Trash Talk,True,0.9,1004532704011046912,0,0
That's an illegal screen. Arms up and leaned at Green. Not gonna sweat it though there will be much more to sweat I.,Officiating Complaint,,Officiating Complaint,True,0.7,1004538096644427776,0,0
Hard home slant with the refs tonight I see...so let's take that excuse off the board immediately please lol #NBAFinals,Officiating Complaint,,Officiating Complaint,True,0.8,1004534423218515968,0,0
LeBron out here passin to casper #NBAFinals,Criticism & Trash Talk,,Criticism & Trash Talk,True,0.9,1004537536260304896,0,0
You can do this guys c'mon! #StrengthInNumbers #NBAFinals #DubNation,Hype & Support,,Hype & Support,True,0.95,1004536855218384898,0,0
cavs win the game but steph curry catches the golden snitch #NBAFinals,Hype & Support,,Hype & Support,True,0.8,1004540645569187845,0,0
That should have been another tech on green #NBAFinals,Officiating Complaint,,Officiating Complaint,True,0.85,1004535597061627906,0,0
@WindhorstESPN @OfficialNBARefs Will they give us the latest Vegas lines as well? #NBAFinals #Fixed,Officiating Complaint,,Officiating Complaint,True,0.9,1004540682084630529,0,0
He said Lebron is a Runaway freight train #WhateverItTakes #NBAFinals,UNSURE,,UNSURE,True,,1004540480808542208,0,0
My boy @kevinlove clapped on GayD #NBAFinals,Hype & Support,,Hype & Support,True,0.9,1004534811606872069,0,0
I'm asking the hard hitting questions for Dan and Stugotz during the @NBA Finals. #LeBatardWatchParty #nba.,Hype & Support,,Hype & Support,True,0.8,1004538179960139778,0,0
Let the whistles blow #nbafinals,Officiating Complaint,,Officiating Complaint,True,0.7,1004534606132142083,0,0
"And again, officials faked out by a player throwing his head back as if fouled, but wasn't. Worthy of a technical. #NBAFinals",Officiating Complaint,,Officiating Complaint,True,0.95,1004534746779652098,0,0
Very late comment but that rendition of the #NationalAnthem by a proud Navy man was fantastic- one of the best I th.,Hype & Support,,Hype & Support,True,0.85,1004536191927058432,0,0
If Bron brings another ring to Cleveland does that make him the GOAT? #NBAFinals,Game/Tactical Analysis,,Game/Tactical Analysis,True,0.8,1004540597758132225,0,0
Draymond Green is a bum #NBAFinals,Criticism & Trash Talk,,Criticism & Trash Talk,True,0.9,1004534865037889536,0,0
"@OfficialNBARefs @LWOSLALakers This is more entertaining than the #NBAFinals ! Hilarious! E1 on #Twitter tonight ""i.",Criticism & Trash Talk,,Criticism & Trash Talk,True,0.7,1004541722507071490,0,0
Nope. I'm not falling for this trap. I'm just waiting for the 3s to put the Cavs out of their misery. #NBAFinals,Game/Tactical Analysis,,Game/Tactical Analysis,True,0.85,1004536574061826048,0,0
can't wait for the warriors to complain about refs #NBAFinals,Criticism & Trash Talk,,Criticism & Trash Talk,True,0.8,1004536254229241857,0,0
NBA: The warriors take the floor in Cleveland! #NBAFinals : #NBAonABC,Hype & Support,,Hype & Support,True,0.8,1004532041264914432,0,0
In a NBA Finals game at that! Damn,Hype & Support,,Hype & Support,True,0.6,1004533936494555136,0,0
Prolly because they were wrong....,Criticism & Trash Talk,,Criticism & Trash Talk,True,0.7,1004538475222220801,0,0
It's odd that Curry can't shoot on the road #NBAFinals,Game/Tactical Analysis,,Game/Tactical Analysis,True,0.9,1004540087500144640,0,0
They called a forearm push by LeBron after the 500 he gets away with every game??? Shocker #NBAFinals,Officiating Complaint,,Officiating Complaint,True,0.95,1004541362849570816,0,0
Wish I was emotionally invested in the #NBAFinals it's going boring not,Criticism & Trash Talk,,Criticism & Trash Talk,True,0.8,1004535255213019141,0,0
#DrinkingGame Take a shot every time Draymond bitches to the refs. #NBAFinals #ImAlreadyDrunk,Criticism & Trash Talk,,Criticism & Trash Talk,True,0.9,1004539944935837701,0,0
LEBROOOOOOOOOOON JAAAAAAMEEEEEEES #NBAFinals,Hype & Support,,Hype & Support,True,0.99,1004532320962072577,0,0
GO CAVS! #NBAFinals #NBAONABSCBN,Hype & Support,,Hype & Support,True,0.98,1004540995235540992,0,0
KLAY THOMPSON FOR THREEEEEEEEE #DubNation #NBAFinals #NBAnaESPN,Hype & Support,,Hype & Support,True,0.99,1004537391967887360,0,0
@NBA your referees. Are. Atrocious. #NBAFinals,Officiating Complaint,,Officiating Complaint,True,0.95,1004535227186806784,0,0
First to check in for the #Cavs will be Rodney Hood. #NBAFinals,Game/Tactical Analysis,,Game/Tactical Analysis,True,0.6,1004535343226515457,0,0
Rodney Hood is playing with the exact kind of energy this team needed #NBAFinals,Hype & Support,,Hype & Support,True,0.8,1004540269293907971,0,0
Only the King can do this in the #NBAFinals,Hype & Support,,Hype & Support,True,0.9,1004533426190462977,0,0
NBA is bringing in soccer flopping #NBAFinals,Criticism & Trash Talk,,Criticism & Trash Talk,True,0.7,1004538451264491521,0,0
#NBAFinals @hahatoldyouso a wasted first quarter by Cleveland,Criticism & Trash Talk,,Criticism & Trash Talk,True,0.85,1004537550956949504,0,0
"Looks like the NBA just activated the ""prolong this series as much as possible"" switch to the refs. #NBAFinals",Officiating Complaint,,Officiating Complaint,True,0.9,1004534742686068736,0,0
7 points and 6 boards already! #NBAFinals #TheJump #WhateverItTakes #DubNation,Hype & Support,,Hype & Support,True,0.95,1004534720225513472,0,0
NBA Finals | Game 3 Q1 &amp; 10:10 to go @Cavs 10 @Warriors 4 #LeBronJames #SFG #StriveForGreatness 1r/2a #AllForOne.,Game/Tactical Analysis,,Game/Tactical Analysis,True,0.7,1004532041344569344,0,0
I'm asking the hard hitting questions for Dan and Stugotz during the @NBA Finals. #LeBatardWatchParty #nba? ?.,Hype & Support,,Hype & Support,True,0.6,1004538392821018626,0,0
Television commercials just a stream of lies and bullshit. #NBAFinals,Officiating Complaint,,Officiating Complaint,True,0.2,1004539193312374784,0,0
Lebron out there like he's competing in the dunk contest #NBAFinals,Hype & Support,,Hype & Support,True,0.8,1004532657764622341,0,0
NBA Finals 2018 Game 3: GOLDEN STATE WARRIORS VS CLEVELAND CAVALIERS LIVE STREAMING,Hype & Support,,Hype & Support,True,0.4,1004533399090892801,0,0
"@stephenasmith @IAmSteveHarvey If this series goes 7 games, you KNOW the #NBA? ? is fixed. #DubNation? ? #WhateverItTakes? ? #NBAFinals? ?",Officiating Complaint,,Officiating Complaint,True,0.9,1004542163642929152,0,0
@JaeRichards out here blocking everything #NBAFinals,Hype & Support,,Hype & Support,True,0.9,1004534118711996417,0,0
I need the #Cavs to win this game #NBAFinals,Hype & Support,,Hype & Support,True,0.9,1004540517357670401,0,0
Not sure who is worse the refs or the commentators #NBAfinals,Officiating Complaint,,Officiating Complaint,True,0.8,1004536750398681090,0,0
This crowd is lit #NBAFinals #GSvsCLE,Hype & Support,,Hype & Support,True,0.9,1004531997551755264,0,0
I'm going to let the #NBAFinals continue in but allow me to take a moment to say CONGRATS to my son on ANOTHER coll.,Hype & Support,,Hype & Support,True,0.3,1004532263529406464,0,0
@espn King James ain't messing around! #DubNation about to realize this series far from over. #Cavs #NBAFinals,Hype & Support,,Hype & Support,True,0.8,1004536345090375681,0,0
Cleveland win this game #nba #nbafinals,Hype & Support,,Hype & Support,True,0.9,1004542211940405248,0,0
"13 points already for Durant and #Warriors, who were down 12 early end first quarter down by just one!",Game/Tactical Analysis,,Game/Tactical Analysis,True,0.8,1004538559704064000,0,0
My king back home in black. #NBAFinals,Hype & Support,,Hype & Support,True,0.95,1004531907152023552,0,0
"#Cavs burn a timeout, but hold 22-14 lead over #Warriors w/ 3-plus minutes left in 1st quarter of #Game3 #3Cavs #NBAFinals @wkyc",Game/Tactical Analysis,,Game/Tactical Analysis,True,0.85,1004535482510991360,0,0
okay but am I the only one who thinks the Cavs can still win the Finals?? #NBAFinals,Hype & Support,,Hype & Support,True,0.9,1004541802597224448,0,0
This being a one point game is how Kevin Durant ruined the NBA #NBAFinals,Criticism & Trash Talk,,Criticism & Trash Talk,True,0.8,1004538816059895808,0,0
So far so good..@cavs #NBAFinals,Hype & Support,,Hype & Support,True,0.85,1004533419940802561,0,0
Durant literally gets all the soft calls. #NBAFinals,Officiating Complaint,,Officiating Complaint,True,0.9,1004537236451418112,0,0
I doubt these fans talking shit to the players from the safety of their seats would dare do the same outside the stadium. #NBAFinals,Criticism & Trash Talk,,Criticism & Trash Talk,True,0.7,1004535580162748416,0,0
A assist and a score from the glass.. lebron james,Hype & Support,,Hype & Support,True,0.8,1004540280253513728,0,0
Like I asked once before ... what is a traveling violation in the #NBA anymore??!!!! SMH!!! Guys taking 6-7 steps I.,Officiating Complaint,,Officiating Complaint,True,0.9,1004535184455356417,0,0
I miss the rockets. #NBAFinals,Hype & Support,,Hype & Support,True,0.6,1004536670044057600,0,0
Lol the game looks rigged... What foul was that called on Curry? And the held ball in the paint called a foul on Green? #NBAFinals,Officiating Complaint,,Officiating Complaint,True,0.95,1004536465836183552,0,0
But there's a conversation on who the is okay,Hype & Support,,Hype & Support,True,0.4,1004535026636197889,0,0
"Save Passwords ,Create Todo list, Create Water Reminders, Track expenses &amp; more... LINK: ..",Hype & Support,,Hype & Support,True,0.2,1004532440927522817,0,0
@StephenCurry30 made the most amazing pass!!! #NBAFinals,Hype & Support,,Hype & Support,True,0.95,1004535013474480134,0,0
LeBron 10pts #NBAFinals #NBAnaESPN,Hype & Support,,Hype & Support,True,0.7,1004540445643431937,0,0
Nice start the #Cavs will have to weather the eventual storm that #Warriors will have if the survive that they'll have a shot #NBAFinals,Game/Tactical Analysis,,Game/Tactical Analysis,True,0.8,1004533697104793600,0,0
The King is Back Home. Let's see if we can make it difficult for the Warriors.,Hype & Support,,Hype & Support,True,0.85,1004534741272494087,0,0
Time to Defend the Land! Still believing! Let's go @Cavs #NBAFinals? ? #NBAonABSCBN #WhateverItTakes? ?? ?,Hype & Support,,Hype & Support,True,0.95,1004541238542888960,0,0
What kind of bs flop was that?? #NBAFinals,Officiating Complaint,,Officiating Complaint,True,0.9,1004538109604847617,0,0
Did get food for this game. And I'm sleepy. #nbafinals,Hype & Support,,Hype & Support,True,0.6,1004532592870285312,0,0
The @Eagles should invite the winner of the #NBAFinals (@warriors or @cavs) to @LFFStadium to share an open celebra.,Hype & Support,,Hype & Support,True,0.8,1004536856598347776,0,0
"I love this scrappy, pissed off, home court @cavs #whateverittakes #nbafinals",Hype & Support,,Hype & Support,True,0.95,1004535381310820352,0,0
Incredible to witness the process of a highlight tonight for #Game3 of #NBAFinals - serious concentration going on.,Hype & Support,,Hype & Support,True,0.85,1004538878164979713,0,0
What was that LeBro?!!!! OMG!! Too easy. #WhateverItTakes #NBAFinals,Hype & Support,,Hype & Support,True,0.95,1004532420878766090,0,0
Only 1244 to go to catch @RealBillRussell,Hype & Support,,Hype & Support,True,0.7,1004536899988525056,0,0
Technical for @Money23Green in Cleveland....who'd'a figured that??? #GSWvsCLE #NBA #WhateverItTakes #AllForOne.,Game/Tactical Analysis,,Game/Tactical Analysis,True,0.8,1004535237295030272,0,0
"We're split on picking a winner, but are sure Game 3 b/w the @warriors and @cavs will be entertaining. #NBAFinals",Hype & Support,,Hype & Support,True,0.7,1004539312539488261,0,0
"Bro I so jope they @cavs win game 3, and then the @warriors are 2-1! #NBAFinals #ClevlandCavaliers #NBA",Hype & Support,,Hype & Support,True,0.6,1004542798375407616,0,0
Does anybody actually like Draymond Green. This guy is a LOSER. #NBAFinals,Criticism & Trash Talk,,Criticism & Trash Talk,True,0.9,1004535141744590849,0,0
Noo. 10 point lead #NBAFinals #DubNation,Hype & Support,,Hype & Support,True,0.8,1004532890804211712,0,0
"OH MY GOD, HE DID IT AGAIN #WhateverItTakes #NBAFinals @NBA",Hype & Support,,Hype & Support,True,0.95,1004533324017209344,0,0
Waht is this o king ? King James,Hype & Support,,Hype & Support,True,0.7,1004537630070132736,0,0
Really @directvnow !!! During the #NBAFinals ?,Criticism & Trash Talk,,Criticism & Trash Talk,True,0.8,1004531885899427843,0,0
Rodney Hood is about to check in #NBAFinals,Game/Tactical Analysis,,Game/Tactical Analysis,True,0.6,1004535970937655297,0,0
Off the glass! #WhateverItTakes #NBAFinals,Hype & Support,,Hype & Support,True,0.85,1004533692260405248,0,0
That LeBron dunk was so beautiful #NBAFinals,Hype & Support,,Hype & Support,True,0.9,1004532368453955584,0,0
David West has to be collecting a Social Security check by now right?? #NBAFinals,Criticism & Trash Talk,,Criticism & Trash Talk,True,0.8,1004539636398612480,0,0
Great adjustments by the Cavs. It's night and day compared to the previous games #NBAFinals,Game/Tactical Analysis,,Game/Tactical Analysis,True,0.9,1004533608445546496,0,0
so now the refs want the Cavs to win I see lol #NBAFinals,Officiating Complaint,,Officiating Complaint,True,0.9,1004535613884788736,0,0
Kevin Love might drop 40 #NBAFinals,Hype & Support,,Hype & Support,True,0.8,1004533502333849600,0,0
Cavaliers vs Warriors Live Stream #NBAFinals #NBAsaABSCBN #NBATwitter #NBA Free NBA Final Game 2018 Now Online.,Hype & Support,,Hype & Support,True,0.6,1004538765568667650,0,0
"Double techs on Dray and Tristan. Now, Draymond was called for the foul. #NBAFinals",Game/Tactical Analysis,,Game/Tactical Analysis,True,0.7,1004535877828108288,0,0
Who's better at lowering the shoulder? #NBAFinals,Game/Tactical Analysis,,Game/Tactical Analysis,True,0.7,1004540972015980545,0,0
Lets go Dubs! We can pull this out!!! #DubNation #NBAFinals,Hype & Support,,Hype & Support,True,0.9,1004536808875556865,0,0
I gotta make all theses faces cut outs because I'm weak,Hype & Support,,Hype & Support,True,0.4,1004537669278367744,0,0
Normal Lue Nothing to see here,Criticism & Trash Talk,,Criticism & Trash Talk,True,0.7,1004540705509818369,0,0
How is that dirty trash Green not getting another T right now. #NBAFinals,Criticism & Trash Talk,,Criticism & Trash Talk,True,0.9,1004535112598515723,0,0
Draymond need to.... #NBAFinals,Criticism & Trash Talk,,Criticism & Trash Talk,True,0.8,1004535718507622403,0,0
Even after that fantastic start leading by 12 the warriors are only down by one.... crazy #NBAFinals,Game/Tactical Analysis,,Game/Tactical Analysis,True,0.8,1004538353201614850,0,0
Lebron!!!!!!!!!! #NBAFinals Game 3,Hype & Support,,Hype & Support,True,0.9,1004532381703983106,0,0
How do you really feel when you do a play like Lebron just did? #NBAFinals #CavsWarriors,Hype & Support,,Hype & Support,True,0.7,1004532806570119168,0,0
#Cavs can't let the #Warriors start getting hot at the 3. They need to keep them down and keep momentum #nbafinals,Game/Tactical Analysis,,Game/Tactical Analysis,True,0.9,1004539099368206336,0,0
"Despite 2 fouls, Steph remains in the game. Iguodala in for the first time in these Finals. Hits first FG, a dunk.",Game/Tactical Analysis,,Game/Tactical Analysis,True,0.8,1004535234858082304,0,0
The #Cavs suck they are barely winning with the #Warriors playing like garbage and there only up 1 point come on.,Criticism & Trash Talk,,Criticism & Trash Talk,True,0.85,1004539720377032705,0,0
#NBAFinals #Warriors #DubNation The officiating already sucks.,Officiating Complaint,,Officiating Complaint,True,0.95,1004535637154787330,0,0
Really! At the finals? Haha! LBJ the best. #NBAFinals,Hype & Support,,Hype & Support,True,0.8,1004540755111657472,0,0
HOT start for #Cavs. Must win to make these #NBAFinals at least somewhat competitive game 3.,Hype & Support,,Hype & Support,True,0.7,1004533579878105094,0,0
"But even after all of that, it's a one point game at the end of the first Bron needs to start going off now and t.",Game/Tactical Analysis,,Game/Tactical Analysis,True,0.8,1004538709335838720,0,0
@Bojangles1977 sweet tea is so smooth... like KD's FINISH on his fade away kind of smooth... ??? #NBAFinals,Hype & Support,,Hype & Support,True,0.8,1004539340242989056,0,0
"even as a guy who doesn't give a shit about the NBA, HOW??",Game/Tactical Analysis,,Game/Tactical Analysis,True,0.6,1004538247656206336,0,0
#DraymondGreen is a dirty player and a piece of . That is all. #Cavs #NBAFinals,Criticism & Trash Talk,,Criticism & Trash Talk,True,0.9,1004536321904345088,0,0
#RefWatchParty CORRUPT !!!! Ref called a foul on Curry for a brush? Queen James plows through three guys and doesn'.,Officiating Complaint,,Officiating Complaint,True,0.95,1004534746754572288,0,0
"Cavs came out strong, but going into the 2nd up by 1. #NBAFinals #NBATwitter",Game/Tactical Analysis,,Game/Tactical Analysis,True,0.7,1004538781263900673,0,0
Boi I thought Curry was about to throw his mouthpiece again. #NBAFinals,Hype & Support,,Hype & Support,True,0.5,1004534485956923392,0,0
Draymond will never get that second tech called. And he knows it. Smh. #NBAFinals,Criticism & Trash Talk,,Criticism & Trash Talk,True,0.8,1004535381658951687,0,0
#NBAONABCBN #NBAFinals #GoldenStateWarriors Go warriors 3-0 na yan!!! Curry And Klay Splash,Hype & Support,,Hype & Support,True,0.9,1004532283003432960,0,0
What's this alternate universe I'm living in where there was an Equalizer 1? #NBAFinals,Game/Tactical Analysis,,Game/Tactical Analysis,True,0.4,1004534000319389701,0,0
The @cavs are desperate. Let's just play our game @warriors #BeatTheCavs #NBAFinals #DubNation,Hype & Support,,Hype & Support,True,0.8,1004531799156973569,0,0
You can't tell me he isn't the best player in the NBA,Hype & Support,,Hype & Support,True,0.8,1004541415941132288,0,0
When you have no one to pass it so you do it all yourself,Game/Tactical Analysis,,Game/Tactical Analysis,True,0.7,1004538682169282560,0,0
"Draymond, if you don't sit your ashy, Donkey from Shrek looking ass down with all that extra-ness. #NBAFinals",Criticism & Trash Talk,,Criticism & Trash Talk,True,0.9,1004535196237082625,0,0
Why the ESPN commentators are so worried about the crowd? Is this wrestling? Does the noise and the crowd reaction counts? #NBAFinals #NBA,Game/Tactical Analysis,,Game/Tactical Analysis,True,0.6,1004537872706392064,0,0
Remember last year when everyone thought Kevin Durant might be better than LeBron? #NBAFinals,Hype & Support,,Hype & Support,True,0.5,1004542309583802369,0,0
"Who has the best-selling jersey, LeBron James or Steph Curry? Find out for yourself here #NBAFinals.",Hype & Support,,Hype & Support,True,0.4,1004532144679604224,0,0
Warriors take the Cavs punch and are right in the game after 1 quarter. Cavs up 29-28 #NBAFinals,Game/Tactical Analysis,,Game/Tactical Analysis,True,0.8,1004538747843514368,0,0
So stupid. And unnecessary. He cares more about being on @SportsCenter's Top 10 than anything else.,Criticism & Trash Talk,,Criticism & Trash Talk,True,0.9,1004536078328631296,0,0
@NBA #RefWatchParty How is that a foul on #curry #NBAFinals,Officiating Complaint,,Officiating Complaint,True,0.95,1004535523879280640,0,0
Yeahhhh get draymond outta here #nbafinals,Criticism & Trash Talk,,Criticism & Trash Talk,True,0.85,1004535178285502466,0,0
7 Foot Cheat Code Activated. ? @KDTrey5 #DubNation #NBAFinals #NBATwitter,Hype & Support,,Hype & Support,True,0.9,1004541173896286208,0,0
If you were told LeBron would have 2pts at the first time out... You probably wouldn't think the Cavs would be lead.,Game/Tactical Analysis,,Game/Tactical Analysis,True,0.8,1004533813245071361,0,0
LeBron James is on fire! #NBAFinals,Hype & Support,,Hype & Support,True,0.95,1004533594042322944,0,0
#WhateverItTakes #NBAFinals Damn It !!,Hype & Support,,Hype & Support,True,0.85,1004536666588098567,0,0
"and the Cavs outplayed the warriors the entire quarter, but they only up by one",Game/Tactical Analysis,,Game/Tactical Analysis,True,0.9,1004538808379904001,0,0
This acting in the #NBA needs to stop!!!! I thought this was a man's game. Foul calls on picks?! #NBAFinals #Cavs #RefWatchParty,Officiating Complaint,,Officiating Complaint,True,0.95,1004538360642375680,0,0
They at home......... can they keep it up???? #NBAFinals #CavsWarriors,Hype & Support,,Hype & Support,True,0.8,1004531782291804160,0,0
I hate fake injuries. Then u can run down the court fine #NBAFinals,Criticism & Trash Talk,,Criticism & Trash Talk,True,0.9,1004542235168428034,0,0
#WhateverItTakes? 42 | #DubNation? ?? 34 6:39 2nd qrt #NBAFinals? ?? ?,Hype & Support,,Hype & Support,True,0.85,1004542437900144641,0,0
"OK, I should feel sorry for Curry right now---- nah #ALLIN #Cavs #NBAFinals",Criticism & Trash Talk,,Criticism & Trash Talk,True,0.9,1004534845526167552,0,0
I want to see the #cavs get their asses beat at home #nbafinals,Criticism & Trash Talk,,Criticism & Trash Talk,True,0.9,1004536164261482497,0,0
"If KD wasn't as skinny as....a snake, he wouldn't get pushed around by LeBron like that #NBAFinals #Cavs",Criticism & Trash Talk,,Criticism & Trash Talk,True,0.8,1004541586859020288,0,0
can we talk about cedi's reaction though?,Hype & Support,,Hype & Support,True,0.6,1004539172504391680,0,0
Steph Curry's beard is gonna give him the bad juju. #NBAFinals,Criticism & Trash Talk,,Criticism & Trash Talk,True,0.7,1004542094114017280,0,0
"The Warriors are basically NSYNC but with 3 Justin Timberlake's and 1 Joey Fatone. And yes, Draymond is Fatone. #NBAFinals",Hype & Support,,Hype & Support,True,0.8,1004537003248103424,0,0
What is Golden Sate Warriors doing???? #NBAFinals,Criticism & Trash Talk,,Criticism & Trash Talk,True,0.7,1004532917970796545,0,0
#NBAFinals #cavs Kevin Love's post game really fell off. He had Curry guarding him down low and couldn't make a qui.,Game/Tactical Analysis,,Game/Tactical Analysis,True,0.9,1004532894746992641,0,0
Game 3 #NBAFinals #NBAFinals18,Hype & Support,,Hype & Support,True,0.4,1004540965737172992,0,0
i hope to goddddddd he jumps into the crown and beats tf out of those trashy Cleveland fans,Criticism & Trash Talk,,Criticism & Trash Talk,True,0.9,1004535713554206721,0,0
"@MabrisaWX you are very welcome, enjoy #NBAFinals Go Warriors and #DubNation",Hype & Support,,Hype & Support,True,0.9,1004532489233227776,0,0
"good first, need to make kd sit down he doing to much, bron needa put an end to that, keep hitting yall shots, kev.",Game/Tactical Analysis,,Game/Tactical Analysis,True,0.8,1004539180284858368,0,0
@abscbnsports Go GSW Go Stephen curry more points With Daniel patalinghug #NBAonABSCBN #NBAFinals,Hype & Support,,Hype & Support,True,0.9,1004540167573495808,0,0
I bet Jr is looking at the score every 5 seconds #NBAFinals #WhateverItTakes,Hype & Support,,Hype & Support,True,0.7,1004542333566750720,0,0
is this the all star game? #Nbafinals,Criticism & Trash Talk,,Criticism & Trash Talk,True,0.6,1004532392038752258,0,0
@KingJames needs to cpme out in attack mode for thr rrst of the game #NBAFinals #NBA #nbaPlayoffs2018,Game/Tactical Analysis,,Game/Tactical Analysis,True,0.8,1004538862042001409,0,0
JR Smith under the basket for 2! 8-4 CLE. #NBAonBTV #ThisIsWhyWePlay #PlayByPlayEveryDay #NBAFinals,Hype & Support,,Hype & Support,True,0.9,1004531797177217024,0,0
We are watching Game 3 NBA finals. Shout out to papa jhun radoc! Go Gsw! #StrengthInNumbers #NBAFinals.,Hype & Support,,Hype & Support,True,0.9,1004539995896418304,0,0
I tweet every time this year #NBAFinals #DubNation,Hype & Support,,Hype & Support,True,0.6,1004543011794059266,0,0
@KibblesNBits96 You should be watching the #NBAFinals,Hype & Support,,Hype & Support,True,0.7,1004533609649360896,0,0
It's just a tweaked ankle lmao good lord yall so dramatic,Criticism & Trash Talk,,Criticism & Trash Talk,True,0.8,1004542652715593736,0,0
JR come out shooting and he's not missing. 2/2 so far this could be one of those games where he hit 8 threes and we.,Game/Tactical Analysis,,Game/Tactical Analysis,True,0.8,1004532817043312641,0,0
LeBron and Curry are playing #Fortnite with Dele Alli #NBAFinals @dele_official.,Hype & Support,,Hype & Support,True,0.6,1004542699440164864,0,0
#NBAFinals We all know who gonna win tonight ... #CAVS but you never know GSW have ah history of creeping up on them lol #GSWLetsGo #GSW,Hype & Support,,Hype & Support,True,0.7,1004533267754823685,0,0
It has officially become part of @cavs game plan to instigate @Money23Green. One more means an ejection and means h.,Game/Tactical Analysis,,Game/Tactical Analysis,True,0.9,1004538345391783937,0,0
Cleveland are off to a blazing start. Get the strap #NBAFinals,Hype & Support,,Hype & Support,True,0.8,1004533357252931584,0,0
#DubNation goo Golden Statee goo ???? #NBAFinals,Hype & Support,,Hype & Support,True,0.9,1004536521813364736,0,0
Kevin Love came to play! #NBAFinals,Hype & Support,,Hype & Support,True,0.8,1004533142328365058,0,0
With all due respect to #LeBron the @cavs just had their best quarter of the #NBAfinals - and are only up one point.,Game/Tactical Analysis,,Game/Tactical Analysis,True,0.7,1004539199863885824,0,0
"#NBAFinals JUEGO 3 FIN 1Q CLEVELAND 29-28 GOLDEN STATE Love 7pts-6reb, Smith 7pts / Durant 13pts-7reb",Game/Tactical Analysis,,Game/Tactical Analysis,True,0.9,1004538732094083073,0,0
Why. Does. LeBron's. Eye. Look. Like. This? #NBAFinals,Criticism & Trash Talk,,Criticism & Trash Talk,True,0.5,1004534765771460611,0,0
@StephenCurry30 shots not falling yet @NBALiveFeed #NBAFinals,Game/Tactical Analysis,,Game/Tactical Analysis,True,0.8,1004534860235538432,0,0
How is Draymond Green still in the game?? Or even on the bench?? #NBAFinals,Criticism & Trash Talk,,Criticism & Trash Talk,True,0.9,1004535312771698688,0,0
I swear Ty Lue always has the SAME DAMN EXPRESSION,Criticism & Trash Talk,,Criticism & Trash Talk,True,0.7,1004541028878016512,0,0
@OfficialNBARefs When a 3pt shooter leans into a defender who already jumped into the air...making an unnatural rel.,Officiating Complaint,,Officiating Complaint,True,0.95,1004534298882473987,0,0
"JR Smith being ""JR"" is summed up by this scene. He will ball out tonight and beloved by all of The Land. #nbafinals",Hype & Support,,Hype & Support,True,0.85,1004542502983135232,0,0
Dude whats going on @directvnow ? I've been with you since day 1 with no issues and since the update I can't watch.,Criticism & Trash Talk,,Criticism & Trash Talk,True,0.6,1004531906023546880,0,0
And everybody thought Warriors vs Cavaliers 4 wouldn't be exciting... #NBA #NBAFinals #WhateverItTakes #Strengthinnumbers,Hype & Support,,Hype & Support,True,0.8,1004539454458081280,0,0
Why is JR Smith in th starting 5 #nbafinals,Criticism & Trash Talk,,Criticism & Trash Talk,True,0.7,1004532571839926274,0,0
Jeff Green an early front-runner for next year's Oscars. #NBAFinals,Criticism & Trash Talk,,Criticism & Trash Talk,True,0.8,1004538921643110401,0,0
Lebron going mike Tyson on the warriors #NBAFinals,Hype & Support,,Hype & Support,True,0.9,1004535312444297216,0,0
hope you're seen that dunk big game James just did. #NBAFinals #KingJames,Hype & Support,,Hype & Support,True,0.9,1004532615494488065,0,0
Of course our homecourt!!! Chicken curry inasal!!!!!,Hype & Support,,Hype & Support,True,0.8,1004536786834477056,0,0
KLove! Where ya been man? Get him the ball. Dude is ready to compete tonight. #NBAFinals #,Game/Tactical Analysis,,Game/Tactical Analysis,True,0.7,1004535049180545024,0,0
Leggo Cleveland #NBAFinals #Cavs,Hype & Support,,Hype & Support,True,0.95,1004542469860622336,0,0
Tristan Thompson isn't good enough to talk that much trash #NBAFinals,Criticism & Trash Talk,,Criticism & Trash Talk,True,0.85,1004536569963974656,0,0
Goodmorning Exited manuod ng Game 3 Go CAVS go for the win #NBAONABSCBN #NBAFINALS,Hype & Support,,Hype & Support,True,0.9,1004531767661826048,0,0
GSW starting off slow. #NbaFinals,Game/Tactical Analysis,,Game/Tactical Analysis,True,0.8,1004532537715318785,0,0
That's the start the Cavs needed #NBAFinals,Game/Tactical Analysis,,Game/Tactical Analysis,True,0.8,1004532840854220800,0,0
Don't forget to put yourup tonight for #NBAFinals Game 3! #hookem,Hype & Support,,Hype & Support,True,0.7,1004534449680404486,0,0
OMG! THIS MAN @KINGJAMES REALLY JUST DID THIS IN A FINALS GAME! #NBA #NBAFINALS #WhateverItTakes,Hype & Support,,Hype & Support,True,0.95,1004535900724965376,0,0
That was not a foul on curry at all.. the refs are a lil whistle happy on every cavs drive. #NBAFinals,Officiating Complaint,,Officiating Complaint,True,0.9,1004534750529368065,0,0
#NBAFinals REALLY surprised that the ref called an offensive foul on Lebron. This happens all game &amp; refs normally.,Officiating Complaint,,Officiating Complaint,True,0.8,1004542379100135424,0,0
#NBAFinals Exact play From last year,Game/Tactical Analysis,,Game/Tactical Analysis,True,0.7,1004532207912828928,0,0
"This is championship basketball at its finest, folks! Like the last spoon in a Panama crack house, it all comes dow.",Hype & Support,,Hype & Support,True,0.6,1004536068677488646,0,0
"What a play, @KingJames ! #NBAnaESPN #NBAFinals #NBA",Hype & Support,,Hype & Support,True,0.9,1004535071032905730,0,0
How millions of Americans looked when they found out Trump was elected president,Criticism & Trash Talk,,Criticism & Trash Talk,True,0.5,1004537913047113729,0,0
Draymond is about to ejected #NBAFinals #DubNation #NBAonABC,Game/Tactical Analysis,,Game/Tactical Analysis,True,0.8,1004535876867772418,0,0
OH MY.... #WhateverItTakes #NBAFINALS,Hype & Support,,Hype & Support,True,0.95,1004533316203184129,0,0
When it's you against the world! #KingJames #NBAFinals #LeBron #GOAT,Hype & Support,,Hype & Support,True,0.9,1004536437671415808,0,0
After all those oohs and ahhhs it's a 1pt game #NBAFinals,Game/Tactical Analysis,,Game/Tactical Analysis,True,0.85,1004538602611671040,0,0
These Cavs came to play tonight!! #NBAFinals #NBAFinals2018,Hype & Support,,Hype & Support,True,0.9,1004540249803034624,0,0
why pass it to J.R. when you can pass it to yourself? --&gt;,Criticism & Trash Talk,,Criticism & Trash Talk,True,0.8,1004533392552091649,0,0
Can we get a fair game?!?!?! #NBAFinals #DubNation,Officiating Complaint,,Officiating Complaint,True,0.95,1004535522579173376,0,0
2 point game lets go @warriors !!!!!!!! #nbafinals,Hype & Support,,Hype & Support,True,0.92,1004538514334208008,0,0
Guess the ankle is alright #NBAFinals #WhateverItTakes,Hype & Support,,Hype & Support,True,0.7,1004542194253025281,0,0
#NBAONABCBN #NBAFinals #GoldenStateWarriors Go Steph and Klay Splash 3-0 goooo,Hype & Support,,Hype & Support,True,0.9,1004533073348739073,0,0
This is Lebron's last stand #NBAFinals,Hype & Support,,Hype & Support,True,0.6,1004542760244973568,0,0
"Still disappointed with ABC/ESPN. C'mon guys, show the player intros on TV. It's the #NBAFinals? ?. @ESPNPR #GSWvsCLE",Officiating Complaint,,Officiating Complaint,True,0.4,1004532364918362113,0,0
I'm ready for the Cavs to take Game 3 and the Warriors to win in 5 #nba #NBAFinals,Game/Tactical Analysis,,Game/Tactical Analysis,True,0.85,1004533980417417222,0,0
Thank you Bron!!! Straight BARBECUE CHICKEN!!! #NBAFinals,Hype & Support,,Hype & Support,True,0.95,1004542226565910529,0,0
Oh he hurt? Cav needs me on the court more right now.. lol @YouTubeTV #NBAFinals #YTSponsored,Hype & Support,,Hype & Support,True,0.8,1004538209341067264,0,0
Oh shit dont hurt em Lebron #NBAFinals,Hype & Support,,Hype & Support,True,0.7,1004532214124728326,0,0
.@KingJames is the MFing #whateverittakes #nbafinals,Hype & Support,,Hype & Support,True,0.9,1004532614647173122,0,0
KYLE KORVER YOU'RE TRASH!!!!!!!!!! #NBAFinals,Criticism & Trash Talk,,Criticism & Trash Talk,True,0.95,1004540161613582336,0,0
"Whenever someone throws there arms up after setting a pick, its always a foul. #NBAFinals",Game/Tactical Analysis,,Game/Tactical Analysis,True,0.85,1004538126512115712,0,0
I'd love to know Steph Curry's stats against the better teams on the road. Most over rated player ever #NBAFinals,Criticism & Trash Talk,,Criticism & Trash Talk,True,0.9,1004540266508742657,0,0
"Don't let the #NBAFinals being on tv dristtavt you from the fact that Super Bowl 51 is on NFL Network, that's when.",Hype & Support,,Hype & Support,True,0.6,1004539350464520192,0,0
Warriors is better call timeout LOL #GSWvsCLE #NBAFinals,Game/Tactical Analysis,,Game/Tactical Analysis,True,0.8,1004533007166951424,0,0
Curry is off thus far in Game 3.. #NBAFinals,Game/Tactical Analysis,,Game/Tactical Analysis,True,0.8,1004540588954439681,0,0
@fatmansu you know the Warriors can weather the storm. #NBAFinals #GSvsCAV #Game3 #DubNation You have to have more than one punch.,Hype & Support,,Hype & Support,True,0.7,1004538718227783681,0,0
